feature_name,dtype,missing_percentage,feature_type,initial_decision,reason
TransactionID,int64,0.0,Identifier,ExcludeFromTraining,Primary key metadata index; not a causal predictor
isFraud,uint8,0.0,Target,RetainTarget,Supervised learning binary classification target
TransactionDT,int32,0.0,Numerical,Retain,Numerical feature; LightGBM/XGBoost natively handle missing NaNs
TransactionAmt,float32,0.0,Numerical,Retain,Numerical feature; LightGBM/XGBoost natively handle missing NaNs
ProductCD,str,0.0,Categorical,Retain,Categorical attribute for target / frequency encoding
card1,int16,0.0,Numerical,Retain,Numerical feature; LightGBM/XGBoost natively handle missing NaNs
card2,float32,1.51,Numerical,Retain,Numerical feature; LightGBM/XGBoost natively handle missing NaNs
card3,float32,0.27,Numerical,Retain,Numerical feature; LightGBM/XGBoost natively handle missing NaNs
card4,str,0.27,Categorical,Retain,Categorical attribute for target / frequency encoding
card5,float32,0.72,Numerical,Retain,Numerical feature; LightGBM/XGBoost natively handle missing NaNs
card6,str,0.27,Categorical,Retain,Categorical attribute for target / frequency encoding
addr1,float32,11.13,Numerical,Retain,Numerical feature; LightGBM/XGBoost natively handle missing NaNs
addr2,float32,11.13,Numerical,Retain,Numerical feature; LightGBM/XGBoost natively handle missing NaNs
dist1,float32,59.65,Numerical,Retain,Numerical feature; LightGBM/XGBoost natively handle missing NaNs
dist2,float32,93.63,Numerical,Retain,Numerical feature; LightGBM/XGBoost natively handle missing NaNs
P_emaildomain,str,15.99,Categorical,Retain,Categorical attribute for target / frequency encoding
R_emaildomain,str,76.75,Categorical,Retain,Categorical attribute for target / frequency encoding
C1,float32,0.0,Numerical,Retain,Numerical feature; LightGBM/XGBoost natively handle missing NaNs
C2,float32,0.0,Numerical,Retain,Numerical feature; LightGBM/XGBoost natively handle missing NaNs
C3,float32,0.0,Numerical,Retain,Numerical feature; LightGBM/XGBoost natively handle missing NaNs
C4,float32,0.0,Numerical,Retain,Numerical feature; LightGBM/XGBoost natively handle missing NaNs
C5,float32,0.0,Numerical,Retain,Numerical feature; LightGBM/XGBoost natively handle missing NaNs
C6,float32,0.0,Numerical,Retain,Numerical feature; LightGBM/XGBoost natively handle missing NaNs
C7,float32,0.0,Numerical,Retain,Numerical feature; LightGBM/XGBoost natively handle missing NaNs
C8,float32,0.0,Numerical,Retain,Numerical feature; LightGBM/XGBoost natively handle missing NaNs
C9,float32,0.0,Numerical,Retain,Numerical feature; LightGBM/XGBoost natively handle missing NaNs
C10,float32,0.0,Numerical,Retain,Numerical feature; LightGBM/XGBoost natively handle missing NaNs
C11,float32,0.0,Numerical,Retain,Numerical feature; LightGBM/XGBoost natively handle missing NaNs
C12,float32,0.0,Numerical,Retain,Numerical feature; LightGBM/XGBoost natively handle missing NaNs
C13,float32,0.0,Numerical,Retain,Numerical feature; LightGBM/XGBoost natively handle missing NaNs
C14,float32,0.0,Numerical,Retain,Numerical feature; LightGBM/XGBoost natively handle missing NaNs
D1,float32,0.21,Numerical,Retain,Numerical feature; LightGBM/XGBoost natively handle missing NaNs
D2,float32,47.55,Numerical,Retain,Numerical feature; LightGBM/XGBoost natively handle missing NaNs
D3,float32,44.51,Numerical,Retain,Numerical feature; LightGBM/XGBoost natively handle missing NaNs
D4,float32,28.6,Numerical,Retain,Numerical feature; LightGBM/XGBoost natively handle missing NaNs
D5,float32,52.47,Numerical,Retain,Numerical feature; LightGBM/XGBoost natively handle missing NaNs
D6,float32,87.61,Numerical,Retain,Numerical feature; LightGBM/XGBoost natively handle missing NaNs
D7,float32,93.41,Numerical,Retain,Numerical feature; LightGBM/XGBoost natively handle missing NaNs
D8,float32,87.31,Numerical,Retain,Numerical feature; LightGBM/XGBoost natively handle missing NaNs
D9,float32,87.31,Numerical,Retain,Numerical feature; LightGBM/XGBoost natively handle missing NaNs
D10,float32,12.87,Numerical,Retain,Numerical feature; LightGBM/XGBoost natively handle missing NaNs
D11,float32,47.29,Numerical,Retain,Numerical feature; LightGBM/XGBoost natively handle missing NaNs
D12,float32,89.04,Numerical,Retain,Numerical feature; LightGBM/XGBoost natively handle missing NaNs
D13,float32,89.51,Numerical,Retain,Numerical feature; LightGBM/XGBoost natively handle missing NaNs
D14,float32,89.47,Numerical,Retain,Numerical feature; LightGBM/XGBoost natively handle missing NaNs
D15,float32,15.09,Numerical,Retain,Numerical feature; LightGBM/XGBoost natively handle missing NaNs
M1,str,45.91,Categorical,Retain,Categorical attribute for target / frequency encoding
M2,str,45.91,Categorical,Retain,Categorical attribute for target / frequency encoding
M3,str,45.91,Categorical,Retain,Categorical attribute for target / frequency encoding
M4,str,47.66,Categorical,Retain,Categorical attribute for target / frequency encoding
M5,str,59.35,Categorical,Retain,Categorical attribute for target / frequency encoding
M6,str,28.68,Categorical,Retain,Categorical attribute for target / frequency encoding
M7,str,58.64,Categorical,Retain,Categorical attribute for target / frequency encoding
M8,str,58.63,Categorical,Retain,Categorical attribute for target / frequency encoding
M9,str,58.63,Categorical,Retain,Categorical attribute for target / frequency encoding
V1,float32,47.29,Numerical,Retain,Numerical feature; LightGBM/XGBoost natively handle missing NaNs
V2,float32,47.29,Numerical,Retain,Numerical feature; LightGBM/XGBoost natively handle missing NaNs
V3,float32,47.29,Numerical,Retain,Numerical feature; LightGBM/XGBoost natively handle missing NaNs
V4,float32,47.29,Numerical,Retain,Numerical feature; LightGBM/XGBoost natively handle missing NaNs
V5,float32,47.29,Numerical,Retain,Numerical feature; LightGBM/XGBoost natively handle missing NaNs
V6,float32,47.29,Numerical,Retain,Numerical feature; LightGBM/XGBoost natively handle missing NaNs
V7,float32,47.29,Numerical,Retain,Numerical feature; LightGBM/XGBoost natively handle missing NaNs
V8,float32,47.29,Numerical,Retain,Numerical feature; LightGBM/XGBoost natively handle missing NaNs
V9,float32,47.29,Numerical,Retain,Numerical feature; LightGBM/XGBoost natively handle missing NaNs
V10,float32,47.29,Numerical,Retain,Numerical feature; LightGBM/XGBoost natively handle missing NaNs
V11,float32,47.29,Numerical,Retain,Numerical feature; LightGBM/XGBoost natively handle missing NaNs
V12,float32,12.88,Numerical,Retain,Numerical feature; LightGBM/XGBoost natively handle missing NaNs
V13,float32,12.88,Numerical,Retain,Numerical feature; LightGBM/XGBoost natively handle missing NaNs
V14,float32,12.88,Numerical,Retain,Numerical feature; LightGBM/XGBoost natively handle missing NaNs
V15,float32,12.88,Numerical,Retain,Numerical feature; LightGBM/XGBoost natively handle missing NaNs
V16,float32,12.88,Numerical,Retain,Numerical feature; LightGBM/XGBoost natively handle missing NaNs
V17,float32,12.88,Numerical,Retain,Numerical feature; LightGBM/XGBoost natively handle missing NaNs
V18,float32,12.88,Numerical,Retain,Numerical feature; LightGBM/XGBoost natively handle missing NaNs
V19,float32,12.88,Numerical,Retain,Numerical feature; LightGBM/XGBoost natively handle missing NaNs
V20,float32,12.88,Numerical,Retain,Numerical feature; LightGBM/XGBoost natively handle missing NaNs
V21,float32,12.88,Numerical,Retain,Numerical feature; LightGBM/XGBoost natively handle missing NaNs
V22,float32,12.88,Numerical,Retain,Numerical feature; LightGBM/XGBoost natively handle missing NaNs
V23,float32,12.88,Numerical,Retain,Numerical feature; LightGBM/XGBoost natively handle missing NaNs
V24,float32,12.88,Numerical,Retain,Numerical feature; LightGBM/XGBoost natively handle missing NaNs
V25,float32,12.88,Numerical,Retain,Numerical feature; LightGBM/XGBoost natively handle missing NaNs
V26,float32,12.88,Numerical,Retain,Numerical feature; LightGBM/XGBoost natively handle missing NaNs
V27,float32,12.88,Numerical,Retain,Numerical feature; LightGBM/XGBoost natively handle missing NaNs
V28,float32,12.88,Numerical,Retain,Numerical feature; LightGBM/XGBoost natively handle missing NaNs
V29,float32,12.88,Numerical,Retain,Numerical feature; LightGBM/XGBoost natively handle missing NaNs
V30,float32,12.88,Numerical,Retain,Numerical feature; LightGBM/XGBoost natively handle missing NaNs
V31,float32,12.88,Numerical,Retain,Numerical feature; LightGBM/XGBoost natively handle missing NaNs
V32,float32,12.88,Numerical,Retain,Numerical feature; LightGBM/XGBoost natively handle missing NaNs
V33,float32,12.88,Numerical,Retain,Numerical feature; LightGBM/XGBoost natively handle missing NaNs
V34,float32,12.88,Numerical,Retain,Numerical feature; LightGBM/XGBoost natively handle missing NaNs
V35,float32,28.61,Numerical,Retain,Numerical feature; LightGBM/XGBoost natively handle missing NaNs
V36,float32,28.61,Numerical,Retain,Numerical feature; LightGBM/XGBoost natively handle missing NaNs
V37,float32,28.61,Numerical,Retain,Numerical feature; LightGBM/XGBoost natively handle missing NaNs
V38,float32,28.61,Numerical,Retain,Numerical feature; LightGBM/XGBoost natively handle missing NaNs
V39,float32,28.61,Numerical,Retain,Numerical feature; LightGBM/XGBoost natively handle missing NaNs
V40,float32,28.61,Numerical,Retain,Numerical feature; LightGBM/XGBoost natively handle missing NaNs
V41,float32,28.61,Numerical,Retain,Numerical feature; LightGBM/XGBoost natively handle missing NaNs
V42,float32,28.61,Numerical,Retain,Numerical feature; LightGBM/XGBoost natively handle missing NaNs
V43,float32,28.61,Numerical,Retain,Numerical feature; LightGBM/XGBoost natively handle missing NaNs
V44,float32,28.61,Numerical,Retain,Numerical feature; LightGBM/XGBoost natively handle missing NaNs
V45,float32,28.61,Numerical,Retain,Numerical feature; LightGBM/XGBoost natively handle missing NaNs
V46,float32,28.61,Numerical,Retain,Numerical feature; LightGBM/XGBoost natively handle missing NaNs
V47,float32,28.61,Numerical,Retain,Numerical feature; LightGBM/XGBoost natively handle missing NaNs
V48,float32,28.61,Numerical,Retain,Numerical feature; LightGBM/XGBoost natively handle missing NaNs
V49,float32,28.61,Numerical,Retain,Numerical feature; LightGBM/XGBoost natively handle missing NaNs
V50,float32,28.61,Numerical,Retain,Numerical feature; LightGBM/XGBoost natively handle missing NaNs
V51,float32,28.61,Numerical,Retain,Numerical feature; LightGBM/XGBoost natively handle missing NaNs
V52,float32,28.61,Numerical,Retain,Numerical feature; LightGBM/XGBoost natively handle missing NaNs
V53,float32,13.06,Numerical,Retain,Numerical feature; LightGBM/XGBoost natively handle missing NaNs
V54,float32,13.06,Numerical,Retain,Numerical feature; LightGBM/XGBoost natively handle missing NaNs
V55,float32,13.06,Numerical,Retain,Numerical feature; LightGBM/XGBoost natively handle missing NaNs
V56,float32,13.06,Numerical,Retain,Numerical feature; LightGBM/XGBoost natively handle missing NaNs
V57,float32,13.06,Numerical,Retain,Numerical feature; LightGBM/XGBoost natively handle missing NaNs
V58,float32,13.06,Numerical,Retain,Numerical feature; LightGBM/XGBoost natively handle missing NaNs
V59,float32,13.06,Numerical,Retain,Numerical feature; LightGBM/XGBoost natively handle missing NaNs
V60,float32,13.06,Numerical,Retain,Numerical feature; LightGBM/XGBoost natively handle missing NaNs
V61,float32,13.06,Numerical,Retain,Numerical feature; LightGBM/XGBoost natively handle missing NaNs
V62,float32,13.06,Numerical,Retain,Numerical feature; LightGBM/XGBoost natively handle missing NaNs
V63,float32,13.06,Numerical,Retain,Numerical feature; LightGBM/XGBoost natively handle missing NaNs
V64,float32,13.06,Numerical,Retain,Numerical feature; LightGBM/XGBoost natively handle missing NaNs
V65,float32,13.06,Numerical,Retain,Numerical feature; LightGBM/XGBoost natively handle missing NaNs
V66,float32,13.06,Numerical,Retain,Numerical feature; LightGBM/XGBoost natively handle missing NaNs
V67,float32,13.06,Numerical,Retain,Numerical feature; LightGBM/XGBoost natively handle missing NaNs
V68,float32,13.06,Numerical,Retain,Numerical feature; LightGBM/XGBoost natively handle missing NaNs
V69,float32,13.06,Numerical,Retain,Numerical feature; LightGBM/XGBoost natively handle missing NaNs
V70,float32,13.06,Numerical,Retain,Numerical feature; LightGBM/XGBoost natively handle missing NaNs
V71,float32,13.06,Numerical,Retain,Numerical feature; LightGBM/XGBoost natively handle missing NaNs
V72,float32,13.06,Numerical,Retain,Numerical feature; LightGBM/XGBoost natively handle missing NaNs
V73,float32,13.06,Numerical,Retain,Numerical feature; LightGBM/XGBoost natively handle missing NaNs
V74,float32,13.06,Numerical,Retain,Numerical feature; LightGBM/XGBoost natively handle missing NaNs
V75,float32,15.1,Numerical,Retain,Numerical feature; LightGBM/XGBoost natively handle missing NaNs
V76,float32,15.1,Numerical,Retain,Numerical feature; LightGBM/XGBoost natively handle missing NaNs
V77,float32,15.1,Numerical,Retain,Numerical feature; LightGBM/XGBoost natively handle missing NaNs
V78,float32,15.1,Numerical,Retain,Numerical feature; LightGBM/XGBoost natively handle missing NaNs
V79,float32,15.1,Numerical,Retain,Numerical feature; LightGBM/XGBoost natively handle missing NaNs
V80,float32,15.1,Numerical,Retain,Numerical feature; LightGBM/XGBoost natively handle missing NaNs
V81,float32,15.1,Numerical,Retain,Numerical feature; LightGBM/XGBoost natively handle missing NaNs
V82,float32,15.1,Numerical,Retain,Numerical feature; LightGBM/XGBoost natively handle missing NaNs
V83,float32,15.1,Numerical,Retain,Numerical feature; LightGBM/XGBoost natively handle missing NaNs
V84,float32,15.1,Numerical,Retain,Numerical feature; LightGBM/XGBoost natively handle missing NaNs
V85,float32,15.1,Numerical,Retain,Numerical feature; LightGBM/XGBoost natively handle missing NaNs
V86,float32,15.1,Numerical,Retain,Numerical feature; LightGBM/XGBoost natively handle missing NaNs
V87,float32,15.1,Numerical,Retain,Numerical feature; LightGBM/XGBoost natively handle missing NaNs
V88,float32,15.1,Numerical,Retain,Numerical feature; LightGBM/XGBoost natively handle missing NaNs
V89,float32,15.1,Numerical,Retain,Numerical feature; LightGBM/XGBoost natively handle missing NaNs
V90,float32,15.1,Numerical,Retain,Numerical feature; LightGBM/XGBoost natively handle missing NaNs
V91,float32,15.1,Numerical,Retain,Numerical feature; LightGBM/XGBoost natively handle missing NaNs
V92,float32,15.1,Numerical,Retain,Numerical feature; LightGBM/XGBoost natively handle missing NaNs
V93,float32,15.1,Numerical,Retain,Numerical feature; LightGBM/XGBoost natively handle missing NaNs
V94,float32,15.1,Numerical,Retain,Numerical feature; LightGBM/XGBoost natively handle missing NaNs
V95,float32,0.05,Numerical,Retain,Numerical feature; LightGBM/XGBoost natively handle missing NaNs
V96,float32,0.05,Numerical,Retain,Numerical feature; LightGBM/XGBoost natively handle missing NaNs
V97,float32,0.05,Numerical,Retain,Numerical feature; LightGBM/XGBoost natively handle missing NaNs
V98,float32,0.05,Numerical,Retain,Numerical feature; LightGBM/XGBoost natively handle missing NaNs
V99,float32,0.05,Numerical,Retain,Numerical feature; LightGBM/XGBoost natively handle missing NaNs
V100,float32,0.05,Numerical,Retain,Numerical feature; LightGBM/XGBoost natively handle missing NaNs
V101,float32,0.05,Numerical,Retain,Numerical feature; LightGBM/XGBoost natively handle missing NaNs
V102,float32,0.05,Numerical,Retain,Numerical feature; LightGBM/XGBoost natively handle missing NaNs
V103,float32,0.05,Numerical,Retain,Numerical feature; LightGBM/XGBoost natively handle missing NaNs
V104,float32,0.05,Numerical,Retain,Numerical feature; LightGBM/XGBoost natively handle missing NaNs
V105,float32,0.05,Numerical,Retain,Numerical feature; LightGBM/XGBoost natively handle missing NaNs
V106,float32,0.05,Numerical,Retain,Numerical feature; LightGBM/XGBoost natively handle missing NaNs
V107,float32,0.05,Numerical,Retain,Numerical feature; LightGBM/XGBoost natively handle missing NaNs
V108,float32,0.05,Numerical,Retain,Numerical feature; LightGBM/XGBoost natively handle missing NaNs
V109,float32,0.05,Numerical,Retain,Numerical feature; LightGBM/XGBoost natively handle missing NaNs
V110,float32,0.05,Numerical,Retain,Numerical feature; LightGBM/XGBoost natively handle missing NaNs
V111,float32,0.05,Numerical,Retain,Numerical feature; LightGBM/XGBoost natively handle missing NaNs
V112,float32,0.05,Numerical,Retain,Numerical feature; LightGBM/XGBoost natively handle missing NaNs
V113,float32,0.05,Numerical,Retain,Numerical feature; LightGBM/XGBoost natively handle missing NaNs
V114,float32,0.05,Numerical,Retain,Numerical feature; LightGBM/XGBoost natively handle missing NaNs
V115,float32,0.05,Numerical,Retain,Numerical feature; LightGBM/XGBoost natively handle missing NaNs
V116,float32,0.05,Numerical,Retain,Numerical feature; LightGBM/XGBoost natively handle missing NaNs
V117,float32,0.05,Numerical,Retain,Numerical feature; LightGBM/XGBoost natively handle missing NaNs
V118,float32,0.05,Numerical,Retain,Numerical feature; LightGBM/XGBoost natively handle missing NaNs
V119,float32,0.05,Numerical,Retain,Numerical feature; LightGBM/XGBoost natively handle missing NaNs
V120,float32,0.05,Numerical,Retain,Numerical feature; LightGBM/XGBoost natively handle missing NaNs
V121,float32,0.05,Numerical,Retain,Numerical feature; LightGBM/XGBoost natively handle missing NaNs
V122,float32,0.05,Numerical,Retain,Numerical feature; LightGBM/XGBoost natively handle missing NaNs
V123,float32,0.05,Numerical,Retain,Numerical feature; LightGBM/XGBoost natively handle missing NaNs
V124,float32,0.05,Numerical,Retain,Numerical feature; LightGBM/XGBoost natively handle missing NaNs
V125,float32,0.05,Numerical,Retain,Numerical feature; LightGBM/XGBoost natively handle missing NaNs
V126,float32,0.05,Numerical,Retain,Numerical feature; LightGBM/XGBoost natively handle missing NaNs
V127,float32,0.05,Numerical,Retain,Numerical feature; LightGBM/XGBoost natively handle missing NaNs
V128,float32,0.05,Numerical,Retain,Numerical feature; LightGBM/XGBoost natively handle missing NaNs
V129,float32,0.05,Numerical,Retain,Numerical feature; LightGBM/XGBoost natively handle missing NaNs
V130,float32,0.05,Numerical,Retain,Numerical feature; LightGBM/XGBoost natively handle missing NaNs
V131,float32,0.05,Numerical,Retain,Numerical feature; LightGBM/XGBoost natively handle missing NaNs
V132,float32,0.05,Numerical,Retain,Numerical feature; LightGBM/XGBoost natively handle missing NaNs
V133,float32,0.05,Numerical,Retain,Numerical feature; LightGBM/XGBoost natively handle missing NaNs
V134,float32,0.05,Numerical,Retain,Numerical feature; LightGBM/XGBoost natively handle missing NaNs
V135,float32,0.05,Numerical,Retain,Numerical feature; LightGBM/XGBoost natively handle missing NaNs
V136,float32,0.05,Numerical,Retain,Numerical feature; LightGBM/XGBoost natively handle missing NaNs
V137,float32,0.05,Numerical,Retain,Numerical feature; LightGBM/XGBoost natively handle missing NaNs
V138,float32,86.12,Numerical,Retain,Numerical feature; LightGBM/XGBoost natively handle missing NaNs
V139,float32,86.12,Numerical,Retain,Numerical feature; LightGBM/XGBoost natively handle missing NaNs
V140,float32,86.12,Numerical,Retain,Numerical feature; LightGBM/XGBoost natively handle missing NaNs
V141,float32,86.12,Numerical,Retain,Numerical feature; LightGBM/XGBoost natively handle missing NaNs
V142,float32,86.12,Numerical,Retain,Numerical feature; LightGBM/XGBoost natively handle missing NaNs
V143,float32,86.12,Numerical,Retain,Numerical feature; LightGBM/XGBoost natively handle missing NaNs
V144,float32,86.12,Numerical,Retain,Numerical feature; LightGBM/XGBoost natively handle missing NaNs
V145,float32,86.12,Numerical,Retain,Numerical feature; LightGBM/XGBoost natively handle missing NaNs
V146,float32,86.12,Numerical,Retain,Numerical feature; LightGBM/XGBoost natively handle missing NaNs
V147,float32,86.12,Numerical,Retain,Numerical feature; LightGBM/XGBoost natively handle missing NaNs
V148,float32,86.12,Numerical,Retain,Numerical feature; LightGBM/XGBoost natively handle missing NaNs
V149,float32,86.12,Numerical,Retain,Numerical feature; LightGBM/XGBoost natively handle missing NaNs
V150,float32,86.12,Numerical,Retain,Numerical feature; LightGBM/XGBoost natively handle missing NaNs
V151,float32,86.12,Numerical,Retain,Numerical feature; LightGBM/XGBoost natively handle missing NaNs
V152,float32,86.12,Numerical,Retain,Numerical feature; LightGBM/XGBoost natively handle missing NaNs
V153,float32,86.12,Numerical,Retain,Numerical feature; LightGBM/XGBoost natively handle missing NaNs
V154,float32,86.12,Numerical,Retain,Numerical feature; LightGBM/XGBoost natively handle missing NaNs
V155,float32,86.12,Numerical,Retain,Numerical feature; LightGBM/XGBoost natively handle missing NaNs
V156,float32,86.12,Numerical,Retain,Numerical feature; LightGBM/XGBoost natively handle missing NaNs
V157,float32,86.12,Numerical,Retain,Numerical feature; LightGBM/XGBoost natively handle missing NaNs
V158,float32,86.12,Numerical,Retain,Numerical feature; LightGBM/XGBoost natively handle missing NaNs
V159,float32,86.12,Numerical,Retain,Numerical feature; LightGBM/XGBoost natively handle missing NaNs
V160,float32,86.12,Numerical,Retain,Numerical feature; LightGBM/XGBoost natively handle missing NaNs
V161,float32,86.12,Numerical,Retain,Numerical feature; LightGBM/XGBoost natively handle missing NaNs
V162,float32,86.12,Numerical,Retain,Numerical feature; LightGBM/XGBoost natively handle missing NaNs
V163,float32,86.12,Numerical,Retain,Numerical feature; LightGBM/XGBoost natively handle missing NaNs
V164,float32,86.12,Numerical,Retain,Numerical feature; LightGBM/XGBoost natively handle missing NaNs
V165,float32,86.12,Numerical,Retain,Numerical feature; LightGBM/XGBoost natively handle missing NaNs
V166,float32,86.12,Numerical,Retain,Numerical feature; LightGBM/XGBoost natively handle missing NaNs
V167,float32,76.36,Numerical,Retain,Numerical feature; LightGBM/XGBoost natively handle missing NaNs
V168,float32,76.36,Numerical,Retain,Numerical feature; LightGBM/XGBoost natively handle missing NaNs
V169,float32,76.32,Numerical,Retain,Numerical feature; LightGBM/XGBoost natively handle missing NaNs
V170,float32,76.32,Numerical,Retain,Numerical feature; LightGBM/XGBoost natively handle missing NaNs
V171,float32,76.32,Numerical,Retain,Numerical feature; LightGBM/XGBoost natively handle missing NaNs
V172,float32,76.36,Numerical,Retain,Numerical feature; LightGBM/XGBoost natively handle missing NaNs
V173,float32,76.36,Numerical,Retain,Numerical feature; LightGBM/XGBoost natively handle missing NaNs
V174,float32,76.32,Numerical,Retain,Numerical feature; LightGBM/XGBoost natively handle missing NaNs
V175,float32,76.32,Numerical,Retain,Numerical feature; LightGBM/XGBoost natively handle missing NaNs
V176,float32,76.36,Numerical,Retain,Numerical feature; LightGBM/XGBoost natively handle missing NaNs
V177,float32,76.36,Numerical,Retain,Numerical feature; LightGBM/XGBoost natively handle missing NaNs
V178,float32,76.36,Numerical,Retain,Numerical feature; LightGBM/XGBoost natively handle missing NaNs
V179,float32,76.36,Numerical,Retain,Numerical feature; LightGBM/XGBoost natively handle missing NaNs
V180,float32,76.32,Numerical,Retain,Numerical feature; LightGBM/XGBoost natively handle missing NaNs
V181,float32,76.36,Numerical,Retain,Numerical feature; LightGBM/XGBoost natively handle missing NaNs
V182,float32,76.36,Numerical,Retain,Numerical feature; LightGBM/XGBoost natively handle missing NaNs
V183,float32,76.36,Numerical,Retain,Numerical feature; LightGBM/XGBoost natively handle missing NaNs
V184,float32,76.32,Numerical,Retain,Numerical feature; LightGBM/XGBoost natively handle missing NaNs
V185,float32,76.32,Numerical,Retain,Numerical feature; LightGBM/XGBoost natively handle missing NaNs
V186,float32,76.36,Numerical,Retain,Numerical feature; LightGBM/XGBoost natively handle missing NaNs
V187,float32,76.36,Numerical,Retain,Numerical feature; LightGBM/XGBoost natively handle missing NaNs
V188,float32,76.32,Numerical,Retain,Numerical feature; LightGBM/XGBoost natively handle missing NaNs
V189,float32,76.32,Numerical,Retain,Numerical feature; LightGBM/XGBoost natively handle missing NaNs
V190,float32,76.36,Numerical,Retain,Numerical feature; LightGBM/XGBoost natively handle missing NaNs
V191,float32,76.36,Numerical,Retain,Numerical feature; LightGBM/XGBoost natively handle missing NaNs
V192,float32,76.36,Numerical,Retain,Numerical feature; LightGBM/XGBoost natively handle missing NaNs
V193,float32,76.36,Numerical,Retain,Numerical feature; LightGBM/XGBoost natively handle missing NaNs
V194,float32,76.32,Numerical,Retain,Numerical feature; LightGBM/XGBoost natively handle missing NaNs
V195,float32,76.32,Numerical,Retain,Numerical feature; LightGBM/XGBoost natively handle missing NaNs
V196,float32,76.36,Numerical,Retain,Numerical feature; LightGBM/XGBoost natively handle missing NaNs
V197,float32,76.32,Numerical,Retain,Numerical feature; LightGBM/XGBoost natively handle missing NaNs
V198,float32,76.32,Numerical,Retain,Numerical feature; LightGBM/XGBoost natively handle missing NaNs
V199,float32,76.36,Numerical,Retain,Numerical feature; LightGBM/XGBoost natively handle missing NaNs
V200,float32,76.32,Numerical,Retain,Numerical feature; LightGBM/XGBoost natively handle missing NaNs
V201,float32,76.32,Numerical,Retain,Numerical feature; LightGBM/XGBoost natively handle missing NaNs
V202,float32,76.36,Numerical,Retain,Numerical feature; LightGBM/XGBoost natively handle missing NaNs
V203,float32,76.36,Numerical,Retain,Numerical feature; LightGBM/XGBoost natively handle missing NaNs
V204,float32,76.36,Numerical,Retain,Numerical feature; LightGBM/XGBoost natively handle missing NaNs
V205,float32,76.36,Numerical,Retain,Numerical feature; LightGBM/XGBoost natively handle missing NaNs
V206,float32,76.36,Numerical,Retain,Numerical feature; LightGBM/XGBoost natively handle missing NaNs
V207,float32,76.36,Numerical,Retain,Numerical feature; LightGBM/XGBoost natively handle missing NaNs
V208,float32,76.32,Numerical,Retain,Numerical feature; LightGBM/XGBoost natively handle missing NaNs
V209,float32,76.32,Numerical,Retain,Numerical feature; LightGBM/XGBoost natively handle missing NaNs
V210,float32,76.32,Numerical,Retain,Numerical feature; LightGBM/XGBoost natively handle missing NaNs
V211,float32,76.36,Numerical,Retain,Numerical feature; LightGBM/XGBoost natively handle missing NaNs
V212,float32,76.36,Numerical,Retain,Numerical feature; LightGBM/XGBoost natively handle missing NaNs
V213,float32,76.36,Numerical,Retain,Numerical feature; LightGBM/XGBoost natively handle missing NaNs
V214,float32,76.36,Numerical,Retain,Numerical feature; LightGBM/XGBoost natively handle missing NaNs
V215,float32,76.36,Numerical,Retain,Numerical feature; LightGBM/XGBoost natively handle missing NaNs
V216,float32,76.36,Numerical,Retain,Numerical feature; LightGBM/XGBoost natively handle missing NaNs
V217,float32,77.91,Numerical,Retain,Numerical feature; LightGBM/XGBoost natively handle missing NaNs
V218,float32,77.91,Numerical,Retain,Numerical feature; LightGBM/XGBoost natively handle missing NaNs
V219,float32,77.91,Numerical,Retain,Numerical feature; LightGBM/XGBoost natively handle missing NaNs
V220,float32,76.05,Numerical,Retain,Numerical feature; LightGBM/XGBoost natively handle missing NaNs
V221,float32,76.05,Numerical,Retain,Numerical feature; LightGBM/XGBoost natively handle missing NaNs
V222,float32,76.05,Numerical,Retain,Numerical feature; LightGBM/XGBoost natively handle missing NaNs
V223,float32,77.91,Numerical,Retain,Numerical feature; LightGBM/XGBoost natively handle missing NaNs
V224,float32,77.91,Numerical,Retain,Numerical feature; LightGBM/XGBoost natively handle missing NaNs
V225,float32,77.91,Numerical,Retain,Numerical feature; LightGBM/XGBoost natively handle missing NaNs
V226,float32,77.91,Numerical,Retain,Numerical feature; LightGBM/XGBoost natively handle missing NaNs
V227,float32,76.05,Numerical,Retain,Numerical feature; LightGBM/XGBoost natively handle missing NaNs
V228,float32,77.91,Numerical,Retain,Numerical feature; LightGBM/XGBoost natively handle missing NaNs
V229,float32,77.91,Numerical,Retain,Numerical feature; LightGBM/XGBoost natively handle missing NaNs
V230,float32,77.91,Numerical,Retain,Numerical feature; LightGBM/XGBoost natively handle missing NaNs
V231,float32,77.91,Numerical,Retain,Numerical feature; LightGBM/XGBoost natively handle missing NaNs
V232,float32,77.91,Numerical,Retain,Numerical feature; LightGBM/XGBoost natively handle missing NaNs
V233,float32,77.91,Numerical,Retain,Numerical feature; LightGBM/XGBoost natively handle missing NaNs
V234,float32,76.05,Numerical,Retain,Numerical feature; LightGBM/XGBoost natively handle missing NaNs
V235,float32,77.91,Numerical,Retain,Numerical feature; LightGBM/XGBoost natively handle missing NaNs
V236,float32,77.91,Numerical,Retain,Numerical feature; LightGBM/XGBoost natively handle missing NaNs
V237,float32,77.91,Numerical,Retain,Numerical feature; LightGBM/XGBoost natively handle missing NaNs
V238,float32,76.05,Numerical,Retain,Numerical feature; LightGBM/XGBoost natively handle missing NaNs
V239,float32,76.05,Numerical,Retain,Numerical feature; LightGBM/XGBoost natively handle missing NaNs
V240,float32,77.91,Numerical,Retain,Numerical feature; LightGBM/XGBoost natively handle missing NaNs
V241,float32,77.91,Numerical,Retain,Numerical feature; LightGBM/XGBoost natively handle missing NaNs
V242,float32,77.91,Numerical,Retain,Numerical feature; LightGBM/XGBoost natively handle missing NaNs
V243,float32,77.91,Numerical,Retain,Numerical feature; LightGBM/XGBoost natively handle missing NaNs
V244,float32,77.91,Numerical,Retain,Numerical feature; LightGBM/XGBoost natively handle missing NaNs
V245,float32,76.05,Numerical,Retain,Numerical feature; LightGBM/XGBoost natively handle missing NaNs
V246,float32,77.91,Numerical,Retain,Numerical feature; LightGBM/XGBoost natively handle missing NaNs
V247,float32,77.91,Numerical,Retain,Numerical feature; LightGBM/XGBoost natively handle missing NaNs
V248,float32,77.91,Numerical,Retain,Numerical feature; LightGBM/XGBoost natively handle missing NaNs
V249,float32,77.91,Numerical,Retain,Numerical feature; LightGBM/XGBoost natively handle missing NaNs
V250,float32,76.05,Numerical,Retain,Numerical feature; LightGBM/XGBoost natively handle missing NaNs
V251,float32,76.05,Numerical,Retain,Numerical feature; LightGBM/XGBoost natively handle missing NaNs
V252,float32,77.91,Numerical,Retain,Numerical feature; LightGBM/XGBoost natively handle missing NaNs
V253,float32,77.91,Numerical,Retain,Numerical feature; LightGBM/XGBoost natively handle missing NaNs
V254,float32,77.91,Numerical,Retain,Numerical feature; LightGBM/XGBoost natively handle missing NaNs
V255,float32,76.05,Numerical,Retain,Numerical feature; LightGBM/XGBoost natively handle missing NaNs
V256,float32,76.05,Numerical,Retain,Numerical feature; LightGBM/XGBoost natively handle missing NaNs
V257,float32,77.91,Numerical,Retain,Numerical feature; LightGBM/XGBoost natively handle missing NaNs
V258,float32,77.91,Numerical,Retain,Numerical feature; LightGBM/XGBoost natively handle missing NaNs
V259,float32,76.05,Numerical,Retain,Numerical feature; LightGBM/XGBoost natively handle missing NaNs
V260,float32,77.91,Numerical,Retain,Numerical feature; LightGBM/XGBoost natively handle missing NaNs
V261,float32,77.91,Numerical,Retain,Numerical feature; LightGBM/XGBoost natively handle missing NaNs
V262,float32,77.91,Numerical,Retain,Numerical feature; LightGBM/XGBoost natively handle missing NaNs
V263,float32,77.91,Numerical,Retain,Numerical feature; LightGBM/XGBoost natively handle missing NaNs
V264,float32,77.91,Numerical,Retain,Numerical feature; LightGBM/XGBoost natively handle missing NaNs
V265,float32,77.91,Numerical,Retain,Numerical feature; LightGBM/XGBoost natively handle missing NaNs
V266,float32,77.91,Numerical,Retain,Numerical feature; LightGBM/XGBoost natively handle missing NaNs
V267,float32,77.91,Numerical,Retain,Numerical feature; LightGBM/XGBoost natively handle missing NaNs
V268,float32,77.91,Numerical,Retain,Numerical feature; LightGBM/XGBoost natively handle missing NaNs
V269,float32,77.91,Numerical,Retain,Numerical feature; LightGBM/XGBoost natively handle missing NaNs
V270,float32,76.05,Numerical,Retain,Numerical feature; LightGBM/XGBoost natively handle missing NaNs
V271,float32,76.05,Numerical,Retain,Numerical feature; LightGBM/XGBoost natively handle missing NaNs
V272,float32,76.05,Numerical,Retain,Numerical feature; LightGBM/XGBoost natively handle missing NaNs
V273,float32,77.91,Numerical,Retain,Numerical feature; LightGBM/XGBoost natively handle missing NaNs
V274,float32,77.91,Numerical,Retain,Numerical feature; LightGBM/XGBoost natively handle missing NaNs
V275,float32,77.91,Numerical,Retain,Numerical feature; LightGBM/XGBoost natively handle missing NaNs
V276,float32,77.91,Numerical,Retain,Numerical feature; LightGBM/XGBoost natively handle missing NaNs
V277,float32,77.91,Numerical,Retain,Numerical feature; LightGBM/XGBoost natively handle missing NaNs
V278,float32,77.91,Numerical,Retain,Numerical feature; LightGBM/XGBoost natively handle missing NaNs
V279,float32,0.0,Numerical,Retain,Numerical feature; LightGBM/XGBoost natively handle missing NaNs
V280,float32,0.0,Numerical,Retain,Numerical feature; LightGBM/XGBoost natively handle missing NaNs
V281,float32,0.21,Numerical,Retain,Numerical feature; LightGBM/XGBoost natively handle missing NaNs
V282,float32,0.21,Numerical,Retain,Numerical feature; LightGBM/XGBoost natively handle missing NaNs
V283,float32,0.21,Numerical,Retain,Numerical feature; LightGBM/XGBoost natively handle missing NaNs
V284,float32,0.0,Numerical,Retain,Numerical feature; LightGBM/XGBoost natively handle missing NaNs
V285,float32,0.0,Numerical,Retain,Numerical feature; LightGBM/XGBoost natively handle missing NaNs
V286,float32,0.0,Numerical,Retain,Numerical feature; LightGBM/XGBoost natively handle missing NaNs
V287,float32,0.0,Numerical,Retain,Numerical feature; LightGBM/XGBoost natively handle missing NaNs
V288,float32,0.21,Numerical,Retain,Numerical feature; LightGBM/XGBoost natively handle missing NaNs
V289,float32,0.21,Numerical,Retain,Numerical feature; LightGBM/XGBoost natively handle missing NaNs
V290,float32,0.0,Numerical,Retain,Numerical feature; LightGBM/XGBoost natively handle missing NaNs
V291,float32,0.0,Numerical,Retain,Numerical feature; LightGBM/XGBoost natively handle missing NaNs
V292,float32,0.0,Numerical,Retain,Numerical feature; LightGBM/XGBoost natively handle missing NaNs
V293,float32,0.0,Numerical,Retain,Numerical feature; LightGBM/XGBoost natively handle missing NaNs
V294,float32,0.0,Numerical,Retain,Numerical feature; LightGBM/XGBoost natively handle missing NaNs
V295,float32,0.0,Numerical,Retain,Numerical feature; LightGBM/XGBoost natively handle missing NaNs
V296,float32,0.21,Numerical,Retain,Numerical feature; LightGBM/XGBoost natively handle missing NaNs
V297,float32,0.0,Numerical,Retain,Numerical feature; LightGBM/XGBoost natively handle missing NaNs
V298,float32,0.0,Numerical,Retain,Numerical feature; LightGBM/XGBoost natively handle missing NaNs
V299,float32,0.0,Numerical,Retain,Numerical feature; LightGBM/XGBoost natively handle missing NaNs
V300,float32,0.21,Numerical,Retain,Numerical feature; LightGBM/XGBoost natively handle missing NaNs
V301,float32,0.21,Numerical,Retain,Numerical feature; LightGBM/XGBoost natively handle missing NaNs
V302,float32,0.0,Numerical,Retain,Numerical feature; LightGBM/XGBoost natively handle missing NaNs
V303,float32,0.0,Numerical,Retain,Numerical feature; LightGBM/XGBoost natively handle missing NaNs
V304,float32,0.0,Numerical,Retain,Numerical feature; LightGBM/XGBoost natively handle missing NaNs
V305,float32,0.0,Numerical,Retain,Numerical feature; LightGBM/XGBoost natively handle missing NaNs
V306,float32,0.0,Numerical,Retain,Numerical feature; LightGBM/XGBoost natively handle missing NaNs
V307,float32,0.0,Numerical,Retain,Numerical feature; LightGBM/XGBoost natively handle missing NaNs
V308,float32,0.0,Numerical,Retain,Numerical feature; LightGBM/XGBoost natively handle missing NaNs
V309,float32,0.0,Numerical,Retain,Numerical feature; LightGBM/XGBoost natively handle missing NaNs
V310,float32,0.0,Numerical,Retain,Numerical feature; LightGBM/XGBoost natively handle missing NaNs
V311,float32,0.0,Numerical,Retain,Numerical feature; LightGBM/XGBoost natively handle missing NaNs
V312,float32,0.0,Numerical,Retain,Numerical feature; LightGBM/XGBoost natively handle missing NaNs
V313,float32,0.21,Numerical,Retain,Numerical feature; LightGBM/XGBoost natively handle missing NaNs
V314,float32,0.21,Numerical,Retain,Numerical feature; LightGBM/XGBoost natively handle missing NaNs
V315,float32,0.21,Numerical,Retain,Numerical feature; LightGBM/XGBoost natively handle missing NaNs
V316,float32,0.0,Numerical,Retain,Numerical feature; LightGBM/XGBoost natively handle missing NaNs
V317,float32,0.0,Numerical,Retain,Numerical feature; LightGBM/XGBoost natively handle missing NaNs
V318,float32,0.0,Numerical,Retain,Numerical feature; LightGBM/XGBoost natively handle missing NaNs
V319,float32,0.0,Numerical,Retain,Numerical feature; LightGBM/XGBoost natively handle missing NaNs
V320,float32,0.0,Numerical,Retain,Numerical feature; LightGBM/XGBoost natively handle missing NaNs
V321,float32,0.0,Numerical,Retain,Numerical feature; LightGBM/XGBoost natively handle missing NaNs
V322,float32,86.05,Numerical,Retain,Numerical feature; LightGBM/XGBoost natively handle missing NaNs
V323,float32,86.05,Numerical,Retain,Numerical feature; LightGBM/XGBoost natively handle missing NaNs
V324,float32,86.05,Numerical,Retain,Numerical feature; LightGBM/XGBoost natively handle missing NaNs
V325,float32,86.05,Numerical,Retain,Numerical feature; LightGBM/XGBoost natively handle missing NaNs
V326,float32,86.05,Numerical,Retain,Numerical feature; LightGBM/XGBoost natively handle missing NaNs
V327,float32,86.05,Numerical,Retain,Numerical feature; LightGBM/XGBoost natively handle missing NaNs
V328,float32,86.05,Numerical,Retain,Numerical feature; LightGBM/XGBoost natively handle missing NaNs
V329,float32,86.05,Numerical,Retain,Numerical feature; LightGBM/XGBoost natively handle missing NaNs
V330,float32,86.05,Numerical,Retain,Numerical feature; LightGBM/XGBoost natively handle missing NaNs
V331,float32,86.05,Numerical,Retain,Numerical feature; LightGBM/XGBoost natively handle missing NaNs
V332,float32,86.05,Numerical,Retain,Numerical feature; LightGBM/XGBoost natively handle missing NaNs
V333,float32,86.05,Numerical,Retain,Numerical feature; LightGBM/XGBoost natively handle missing NaNs
V334,float32,86.05,Numerical,Retain,Numerical feature; LightGBM/XGBoost natively handle missing NaNs
V335,float32,86.05,Numerical,Retain,Numerical feature; LightGBM/XGBoost natively handle missing NaNs
V336,float32,86.05,Numerical,Retain,Numerical feature; LightGBM/XGBoost natively handle missing NaNs
V337,float32,86.05,Numerical,Retain,Numerical feature; LightGBM/XGBoost natively handle missing NaNs
V338,float32,86.05,Numerical,Retain,Numerical feature; LightGBM/XGBoost natively handle missing NaNs
V339,float32,86.05,Numerical,Retain,Numerical feature; LightGBM/XGBoost natively handle missing NaNs
id_01,float32,75.58,Numerical,Retain,Numerical feature; LightGBM/XGBoost natively handle missing NaNs
id_02,float32,76.15,Numerical,Retain,Numerical feature; LightGBM/XGBoost natively handle missing NaNs
id_03,float32,88.77,Numerical,Retain,Numerical feature; LightGBM/XGBoost natively handle missing NaNs
id_04,float32,88.77,Numerical,Retain,Numerical feature; LightGBM/XGBoost natively handle missing NaNs
id_05,float32,76.82,Numerical,Retain,Numerical feature; LightGBM/XGBoost natively handle missing NaNs
id_06,float32,76.82,Numerical,Retain,Numerical feature; LightGBM/XGBoost natively handle missing NaNs
id_07,float32,99.13,Numerical,Retain,Numerical feature; LightGBM/XGBoost natively handle missing NaNs
id_08,float32,99.13,Numerical,Retain,Numerical feature; LightGBM/XGBoost natively handle missing NaNs
id_09,float32,87.31,Numerical,Retain,Numerical feature; LightGBM/XGBoost natively handle missing NaNs
id_10,float32,87.31,Numerical,Retain,Numerical feature; LightGBM/XGBoost natively handle missing NaNs
id_11,float32,76.13,Numerical,Retain,Numerical feature; LightGBM/XGBoost natively handle missing NaNs
id_12,str,75.58,Numerical,Retain,Numerical feature; LightGBM/XGBoost natively handle missing NaNs
id_13,float32,78.44,Numerical,Retain,Numerical feature; LightGBM/XGBoost natively handle missing NaNs
id_14,float32,86.45,Numerical,Retain,Numerical feature; LightGBM/XGBoost natively handle missing NaNs
id_15,str,76.13,Numerical,Retain,Numerical feature; LightGBM/XGBoost natively handle missing NaNs
id_16,str,78.1,Numerical,Retain,Numerical feature; LightGBM/XGBoost natively handle missing NaNs
id_17,float32,76.4,Numerical,Retain,Numerical feature; LightGBM/XGBoost natively handle missing NaNs
id_18,float32,92.36,Numerical,Retain,Numerical feature; LightGBM/XGBoost natively handle missing NaNs
id_19,float32,76.41,Numerical,Retain,Numerical feature; LightGBM/XGBoost natively handle missing NaNs
id_20,float32,76.42,Numerical,Retain,Numerical feature; LightGBM/XGBoost natively handle missing NaNs
id_21,float32,99.13,Numerical,Retain,Numerical feature; LightGBM/XGBoost natively handle missing NaNs
id_22,float32,99.12,Numerical,Retain,Numerical feature; LightGBM/XGBoost natively handle missing NaNs
id_23,str,99.12,Numerical,Retain,Numerical feature; LightGBM/XGBoost natively handle missing NaNs
id_24,float32,99.2,Numerical,Retain,Numerical feature; LightGBM/XGBoost natively handle missing NaNs
id_25,float32,99.13,Numerical,Retain,Numerical feature; LightGBM/XGBoost natively handle missing NaNs
id_26,float32,99.13,Numerical,Retain,Numerical feature; LightGBM/XGBoost natively handle missing NaNs
id_27,str,99.12,Numerical,Retain,Numerical feature; LightGBM/XGBoost natively handle missing NaNs
id_28,str,76.13,Numerical,Retain,Numerical feature; LightGBM/XGBoost natively handle missing NaNs
id_29,str,76.13,Numerical,Retain,Numerical feature; LightGBM/XGBoost natively handle missing NaNs
id_30,str,86.87,Numerical,Retain,Numerical feature; LightGBM/XGBoost natively handle missing NaNs
id_31,str,76.25,Numerical,Retain,Numerical feature; LightGBM/XGBoost natively handle missing NaNs
id_32,float32,86.86,Numerical,Retain,Numerical feature; LightGBM/XGBoost natively handle missing NaNs
id_33,str,87.59,Numerical,Retain,Numerical feature; LightGBM/XGBoost natively handle missing NaNs
id_34,str,86.82,Numerical,Retain,Numerical feature; LightGBM/XGBoost natively handle missing NaNs
id_35,str,76.13,Numerical,Retain,Numerical feature; LightGBM/XGBoost natively handle missing NaNs
id_36,str,76.13,Numerical,Retain,Numerical feature; LightGBM/XGBoost natively handle missing NaNs
id_37,str,76.13,Numerical,Retain,Numerical feature; LightGBM/XGBoost natively handle missing NaNs
id_38,str,76.13,Numerical,Retain,Numerical feature; LightGBM/XGBoost natively handle missing NaNs
DeviceType,str,76.16,Numerical,Retain,Numerical feature; LightGBM/XGBoost natively handle missing NaNs
DeviceInfo,str,79.91,Numerical,Retain,Numerical feature; LightGBM/XGBoost natively handle missing NaNs
TransactionHour,uint8,0.0,EngineeredTime,Retain,Relative cyclical/trend temporal feature
TransactionDay,uint8,0.0,EngineeredTime,Retain,Relative cyclical/trend temporal feature
TransactionWeek,uint8,0.0,EngineeredTime,Retain,Relative cyclical/trend temporal feature
has_identity,uint8,0.0,EngineeredIndicator,Retain,High-signal structural missingness / identity flag
dist1_isna,uint8,0.0,EngineeredIndicator,Retain,High-signal structural missingness / identity flag
dist2_isna,uint8,0.0,EngineeredIndicator,Retain,High-signal structural missingness / identity flag
D2_isna,uint8,0.0,EngineeredIndicator,Retain,High-signal structural missingness / identity flag
P_emaildomain_isna,uint8,0.0,EngineeredIndicator,Retain,High-signal structural missingness / identity flag
R_emaildomain_isna,uint8,0.0,EngineeredIndicator,Retain,High-signal structural missingness / identity flag
id_01_isna,uint8,0.0,EngineeredIndicator,Retain,High-signal structural missingness / identity flag
id_31_isna,uint8,0.0,EngineeredIndicator,Retain,High-signal structural missingness / identity flag
